{"cameraMode":{"drawMode":0,"name":"Shaded","section":"Shading Mode"},"sceneLighting":true,"audioPlay":false,"sceneViewState":{"showFog":true,"showMaterialUpdate":false,"showSkybox":true,"showFlares":true,"showImageEffects":true,"showParticleSystems":true},"in2DMode":false,"pivot":{"x":-24.637287139892579,"y":18.28738784790039,"z":-22.74540138244629},"rotation":{"x":0.0244421549141407,"y":-0.24141520261764527,"z":-0.006082430016249418,"w":-0.9700949192047119},"size":12.833379745483399,"orthographic":false}