{"cameraMode":{"drawMode":0,"name":"Shaded","section":"Shading Mode"},"sceneLighting":true,"audioPlay":false,"sceneViewState":{"showFog":true,"showMaterialUpdate":false,"showSkybox":true,"showFlares":true,"showImageEffects":true,"showParticleSystems":true},"in2DMode":false,"pivot":{"x":-27.590213775634767,"y":21.74481964111328,"z":-27.31198501586914},"rotation":{"x":0.37964680790901186,"y":0.21746759116649629,"z":-0.09230395406484604,"w":0.8944616317749023},"size":9.26738452911377,"orthographic":false}